{
  "season": 2025,
  "n_joined": 111502,
  "n_valid": 111502,
  "correlation_ours_vs_mp": 0.5531971409366906,
  "auc_ours": 0.703321754686422,
  "auc_mp": 0.7758817422744744,
  "brier_ours": 0.06465150713982243,
  "brier_mp": 0.06051568502983627,
  "brier_diff": 0.004135822109986156,
  "logloss_ours": 0.24431757478738994,
  "logloss_mp": 0.2233480162255942,
  "logloss_diff": 0.020969558561795748,
  "mean_xg_ours": 0.07311384383884492,
  "mean_xg_mp": 0.07260182363297932,
  "actual_goal_rate": 0.07231260425821959,
  "verdict": "REVIEW"
}