{
  "season": 2024,
  "n_joined": 38617,
  "n_valid": 38617,
  "correlation_ours_vs_mp": 0.6029368879971394,
  "auc_ours": NaN,
  "auc_mp": NaN,
  "brier_ours": 0.007226861079736858,
  "brier_mp": 0.010911674937925797,
  "brier_diff": -0.0036848138581889395,
  "logloss_ours": NaN,
  "logloss_mp": NaN,
  "logloss_diff": NaN,
  "mean_xg_ours": 0.0653270069283055,
  "mean_xg_mp": 0.06306995509749592,
  "actual_goal_rate": 0.0,
  "verdict": "REVIEW"
}