{
  "season": 2024,
  "n_joined": 108087,
  "n_valid": 108087,
  "correlation_ours_vs_mp": 0.5472071117056712,
  "auc_ours": 0.7179811689665874,
  "auc_mp": 0.7793535557527501,
  "brier_ours": 0.06269535481881841,
  "brier_mp": 0.058927497900663296,
  "brier_diff": 0.0037678569181551144,
  "logloss_ours": 0.23678653430436822,
  "logloss_mp": 0.2184281092549926,
  "logloss_diff": 0.018358425049375626,
  "mean_xg_ours": 0.06829456674868536,
  "mean_xg_mp": 0.07150433894224098,
  "actual_goal_rate": 0.07054502391591959,
  "verdict": "REVIEW"
}